node_class	app_name
asset_master	asset_env_sync
backend	asset-manager
backend	cache-clearing-service
backend	canary-backend
backend	collections-publisher
backend	contacts
backend	content-audit-tool
backend	content-data-admin
backend	content-data-api
backend	content-publisher
backend	content-tagger
backend	govuk-content-schemas
backend	hmrc-manuals-api
backend	imminence
backend	kibana
backend	link-checker-api
backend	local-links-manager
backend	manuals-publisher
backend	maslow
backend	publisher
backend	release
backend	search-admin
backend	service-manual-publisher
backend	short-url-manager
backend	sidekiq-monitoring
backend	signon
backend	specialist-publisher
backend	support
backend	support-api
backend	support_api_csv_env_sync
backend	transition
backend	travel-advice-publisher
bouncer	bouncer
cache	router
content_store	content-store
calculators_frontend	calculators
calculators_frontend	calendars
calculators_frontend	finder-frontend
calculators_frontend	licencefinder
calculators_frontend	smartanswers
ckan	ckan
draft_cache	authenticating-proxy
draft_cache	router
draft_cache	router-api
draft_content_store	content-store
draft_frontend	collections
draft_frontend	email-alert-frontend
draft_frontend	frontend
draft_frontend	government-frontend
draft_frontend	manuals-frontend
draft_frontend	service-manual-frontend
draft_frontend	smartanswers
draft_frontend	static
email_alert_api	email-alert-api
email_alert_api	email-alert-service
frontend	canary-frontend
frontend	collections
frontend	email-alert-frontend
frontend	feedback
frontend	frontend
frontend	government-frontend
frontend	info-frontend
frontend	manuals-frontend
frontend	service-manual-frontend
frontend	static
mapit	mapit
mirrorer	govuk_crawler_worker
publishing_api	govuk-content-schemas
publishing_api	publishing-api
router_backend	router-api
search	search-api
whitehall_backend	whitehall
whitehall_frontend	whitehall
